{
  "project_info": {
    "project_number": "989642867994",
    "firebase_url": "https://tienda-virtual-7d6be.firebaseio.com",
    "project_id": "tienda-virtual-7d6be",
    "storage_bucket": "tienda-virtual-7d6be.appspot.com"
  },
  "client": [
    {
      "client_info": {
        "mobilesdk_app_id": "1:989642867994:android:decc1f976490db54f918a3",
        "android_client_info": {
          "package_name": "com.sc703.tiendaVirtual"
        }
      },
      "oauth_client": [
        {
          "client_id": "989642867994-66ovuhq9ldcl3tj730rhhngt1m3qsh9e.apps.googleusercontent.com",
          "client_type": 3
        }
      ],
      "api_key": [
        {
          "current_key": "AIzaSyAgGszNsZW-C3JZzpRhnGzg6v9sSEPSa2o"
        }
      ],
      "services": {
        "appinvite_service": {
          "other_platform_oauth_client": [
            {
              "client_id": "989642867994-66ovuhq9ldcl3tj730rhhngt1m3qsh9e.apps.googleusercontent.com",
              "client_type": 3
            }
          ]
        }
      }
    }
  ],
  "configuration_version": "1"
}